FILEID,FILETYPE,STUSAB,CHARITER,SEQUENCE,LOGRECNO,LOGRECNO,GEOID,Geography Name,B07401_001,B07401_002,B07401_003,B07401_004,B07401_005,B07401_006,B07401_007,B07401_008,B07401_009,B07401_010,B07401_011,B07401_012,B07401_013,B07401_014,B07401_015,B07401_016,B07401_017,B07401_018,B07401_019,B07401_020,B07401_021,B07401_022,B07401_023,B07401_024,B07401_025,B07401_026,B07401_027,B07401_028,B07401_029,B07401_030,B07401_031,B07401_032,B07401_033,B07401_034,B07401_035,B07401_036,B07401_037,B07401_038,B07401_039,B07401_040,B07401_041,B07401_042,B07401_043,B07401_044,B07401_045,B07401_046,B07401_047,B07401_048,B07401_049,B07401_050,B07401_051,B07401_052,B07401_053,B07401_054,B07401_055,B07401_056,B07401_057,B07401_058,B07401_059,B07401_060,B07401_061,B07401_062,B07401_063,B07401_064,B07401_065,B07401_066,B07401_067,B07401_068,B07401_069,B07401_070,B07401_071,B07401_072,B07401_073,B07401_074,B07401_075,B07401_076,B07401_077,B07401_078,B07401_079,B07401_080,B07402_001,B07402_002,B07402_003,B07402_004,B07402_005,B07403_001,B07403_002,B07403_003,B07403_004,B07403_005,B07403_006,B07403_007,B07403_008,B07403_009,B07403_010,B07403_011,B07403_012,B07403_013,B07403_014,B07403_015,B07404A_001,B07404A_002,B07404A_003,B07404A_004,B07404A_005,B07404B_001,B07404B_002,B07404B_003,B07404B_004,B07404B_005,B07404C_001,B07404C_002,B07404C_003,B07404C_004,B07404C_005,B07404D_001,B07404D_002,B07404D_003,B07404D_004,B07404D_005,B07404E_001,B07404E_002,B07404E_003,B07404E_004,B07404E_005,B07404F_001,B07404F_002,B07404F_003,B07404F_004,B07404F_005,B07404G_001,B07404G_002,B07404G_003,B07404G_004,B07404G_005,B07404H_001,B07404H_002,B07404H_003,B07404H_004,B07404H_005,B07404I_001,B07404I_002,B07404I_003,B07404I_004,B07404I_005,B07407_001,B07407_002,B07407_003,B07407_004,B07407_005,B07407_006,B07407_007,B07407_008,B07407_009,B07407_010,B07407_011,B07407_012,B07407_013,B07407_014,B07407_015,B07407_016,B07407_017,B07407_018,B07407_019,B07407_020,B07407_021,B07407_022,B07407_023,B07407_024,B07407_025,C07401_001,C07401_002,C07401_003,C07401_004,C07401_005,C07401_006,C07401_007,C07401_008,C07401_009,C07401_010,C07401_011,C07401_012,C07401_013,C07401_014,C07401_015,C07401_016,C07401_017,C07401_018,C07401_019,C07401_020,C07401_021,C07401_022,C07401_023,C07401_024,C07401_025,C07401_026,C07401_027,C07401_028,C07401_029,C07401_030,C07401_031,C07401_032,C07401_033,C07401_034,C07401_035,C07401_036,C07401_037,C07401_038,C07401_039,C07401_040,C07401_041,C07401_042,C07401_043,C07401_044,C07401_045,C07401_046,C07401_047,C07401_048,C07401_049,C07401_050
FILEID,FILETYPE,STUSAB,CHARITER,SEQUENCE,LOGRECNO,LOGRECNO,GEOID,Geography Name,Population 1 year and over in the United States,Population 1 year and over in the United States% 1 to 4 years,Population 1 year and over in the United States% 5 to 17 years,Population 1 year and over in the United States% 18 and 19 years,Population 1 year and over in the United States% 20 to 24 years,Population 1 year and over in the United States% 25 to 29 years,Population 1 year and over in the United States% 30 to 34 years,Population 1 year and over in the United States% 35 to 39 years,Population 1 year and over in the United States% 40 to 44 years,Population 1 year and over in the United States% 45 to 49 years,Population 1 year and over in the United States% 50 to 54 years,Population 1 year and over in the United States% 55 to 59 years,Population 1 year and over in the United States% 60 to 64 years,Population 1 year and over in the United States% 65 to 69 years,Population 1 year and over in the United States% 70 to 74 years,Population 1 year and over in the United States% 75 years and over,Population 1 year and over in the United States% Same house:,Population 1 year and over in the United States% Same house:% 1 to 4 years,Population 1 year and over in the United States% Same house:% 5 to 17 years,Population 1 year and over in the United States% Same house:% 18 and 19 years,Population 1 year and over in the United States% Same house:% 20 to 24 years,Population 1 year and over in the United States% Same house:% 25 to 29 years,Population 1 year and over in the United States% Same house:% 30 to 34 years,Population 1 year and over in the United States% Same house:% 35 to 39 years,Population 1 year and over in the United States% Same house:% 40 to 44 years,Population 1 year and over in the United States% Same house:% 45 to 49 years,Population 1 year and over in the United States% Same house:% 50 to 54 years,Population 1 year and over in the United States% Same house:% 55 to 59 years,Population 1 year and over in the United States% Same house:% 60 to 64 years,Population 1 year and over in the United States% Same house:% 65 to 69 years,Population 1 year and over in the United States% Same house:% 70 to 74 years,Population 1 year and over in the United States% Same house:% 75 years and over,Population 1 year and over in the United States% Moved within same county:,Population 1 year and over in the United States% Moved within same county:% 1 to 4 years,Population 1 year and over in the United States% Moved within same county:% 5 to 17 years,Population 1 year and over in the United States% Moved within same county:% 18 and 19 years,Population 1 year and over in the United States% Moved within same county:% 20 to 24 years,Population 1 year and over in the United States% Moved within same county:% 25 to 29 years,Population 1 year and over in the United States% Moved within same county:% 30 to 34 years,Population 1 year and over in the United States% Moved within same county:% 35 to 39 years,Population 1 year and over in the United States% Moved within same county:% 40 to 44 years,Population 1 year and over in the United States% Moved within same county:% 45 to 49 years,Population 1 year and over in the United States% Moved within same county:% 50 to 54 years,Population 1 year and over in the United States% Moved within same county:% 55 to 59 years,Population 1 year and over in the United States% Moved within same county:% 60 to 64 years,Population 1 year and over in the United States% Moved within same county:% 65 to 69 years,Population 1 year and over in the United States% Moved within same county:% 70 to 74 years,Population 1 year and over in the United States% Moved within same county:% 75 years and over,Population 1 year and over in the United States% Moved to different county within same state:,Population 1 year and over in the United States% Moved to different county within same state:% 1 to 4 years,Population 1 year and over in the United States% Moved to different county within same state:% 5 to 17 years,Population 1 year and over in the United States% Moved to different county within same state:% 18 and 19 years,Population 1 year and over in the United States% Moved to different county within same state:% 20 to 24 years,Population 1 year and over in the United States% Moved to different county within same state:% 25 to 29 years,Population 1 year and over in the United States% Moved to different county within same state:% 30 to 34 years,Population 1 year and over in the United States% Moved to different county within same state:% 35 to 39 years,Population 1 year and over in the United States% Moved to different county within same state:% 40 to 44 years,Population 1 year and over in the United States% Moved to different county within same state:% 45 to 49 years,Population 1 year and over in the United States% Moved to different county within same state:% 50 to 54 years,Population 1 year and over in the United States% Moved to different county within same state:% 55 to 59 years,Population 1 year and over in the United States% Moved to different county within same state:% 60 to 64 years,Population 1 year and over in the United States% Moved to different county within same state:% 65 to 69 years,Population 1 year and over in the United States% Moved to different county within same state:% 70 to 74 years,Population 1 year and over in the United States% Moved to different county within same state:% 75 years and over,Population 1 year and over in the United States% Moved to different state:,Population 1 year and over in the United States% Moved to different state:% 1 to 4 years,Population 1 year and over in the United States% Moved to different state:% 5 to 17 years,Population 1 year and over in the United States% Moved to different state:% 18 and 19 years,Population 1 year and over in the United States% Moved to different state:% 20 to 24 years,Population 1 year and over in the United States% Moved to different state:% 25 to 29 years,Population 1 year and over in the United States% Moved to different state:% 30 to 34 years,Population 1 year and over in the United States% Moved to different state:% 35 to 39 years,Population 1 year and over in the United States% Moved to different state:% 40 to 44 years,Population 1 year and over in the United States% Moved to different state:% 45 to 49 years,Population 1 year and over in the United States% Moved to different state:% 50 to 54 years,Population 1 year and over in the United States% Moved to different state:% 55 to 59 years,Population 1 year and over in the United States% Moved to different state:% 60 to 64 years,Population 1 year and over in the United States% Moved to different state:% 65 to 69 years,Population 1 year and over in the United States% Moved to different state:% 70 to 74 years,Population 1 year and over in the United States% Moved to different state:% 75 years and over,Population 1 year and over in the United States,Population 1 year and over in the United States% Same house,Population 1 year and over in the United States% Moved within same county,Population 1 year and over in the United States% Moved to different county within same state,Population 1 year and over in the United States% Moved to different state,Population 1 year and over in the United States,Population 1 year and over in the United States% Male,Population 1 year and over in the United States% Female,Population 1 year and over in the United States% Same house:,Population 1 year and over in the United States% Same house:% Male,Population 1 year and over in the United States% Same house:% Female,Population 1 year and over in the United States% Moved within same county:,Population 1 year and over in the United States% Moved within same county:% Male,Population 1 year and over in the United States% Moved within same county:% Female,Population 1 year and over in the United States% Moved to different county within same state:,Population 1 year and over in the United States% Moved to different county within same state:% Male,Population 1 year and over in the United States% Moved to different county within same state:% Female,Population 1 year and over in the United States% Moved to different state:,Population 1 year and over in the United States% Moved to different state:% Male,Population 1 year and over in the United States% Moved to different state:% Female,White alone population 1 year and over in the United States,White alone population 1 year and over in the United States% Same house,White alone population 1 year and over in the United States% Moved within same county,White alone population 1 year and over in the United States% Moved to different county within same state,White alone population 1 year and over in the United States% Moved to different state,Black or African American alone population 1 year and over in the United States,Black or African American alone population 1 year and over in the United States% Same house,Black or African American alone population 1 year and over in the United States% Moved within same county,Black or African American alone population 1 year and over in the United States% Moved to different county within same state,Black or African American alone population 1 year and over in the United States% Moved to different state,American Indian and Alaska Native alone population 1 year and over in the United States,American Indian and Alaska Native alone population 1 year and over in the United States% Same house,American Indian and Alaska Native alone population 1 year and over in the United States% Moved within same county,American Indian and Alaska Native alone population 1 year and over in the United States% Moved to different county within same state,American Indian and Alaska Native alone population 1 year and over in the United States% Moved to different state,Asian alone population 1 year and over in the United States,Asian alone population 1 year and over in the United States% Same house,Asian alone population 1 year and over in the United States% Moved within same county,Asian alone population 1 year and over in the United States% Moved to different county within same state,Asian alone population 1 year and over in the United States% Moved to different state,Native Hawaiian and Other Pacific Islander alone population 1 year and over in the United States,Native Hawaiian and Other Pacific Islander alone population 1 year and over in the United States% Same house,Native Hawaiian and Other Pacific Islander alone population 1 year and over in the United States% Moved within same county,Native Hawaiian and Other Pacific Islander alone population 1 year and over in the United States% Moved to different county within same state,Native Hawaiian and Other Pacific Islander alone population 1 year and over in the United States% Moved to different state,Some other race alone population 1 year and over in the United States,Some other race alone population 1 year and over in the United States% Same house,Some other race alone population 1 year and over in the United States% Moved within same county,Some other race alone population 1 year and over in the United States% Moved to different county within same state,Some other race alone population 1 year and over in the United States% Moved to different state,Two or more races population 1 year and over in the United States,Two or more races population 1 year and over in the United States% Same house,Two or more races population 1 year and over in the United States% Moved within same county,Two or more races population 1 year and over in the United States% Moved to different county within same state,Two or more races population 1 year and over in the United States% Moved to different state,"White alone, not Hispanic or Latino population 1 year and over in the United States","White alone, not Hispanic or Latino population 1 year and over in the United States% Same house","White alone, not Hispanic or Latino population 1 year and over in the United States% Moved within same county","White alone, not Hispanic or Latino population 1 year and over in the United States% Moved to different county within same state","White alone, not Hispanic or Latino population 1 year and over in the United States% Moved to different state",Hispanic or Latino population 1 year and over in the United States,Hispanic or Latino population 1 year and over in the United States% Same house,Hispanic or Latino population 1 year and over in the United States% Moved within same county,Hispanic or Latino population 1 year and over in the United States% Moved to different county within same state,Hispanic or Latino population 1 year and over in the United States% Moved to different state,Population 1 year and over in the United States,Population 1 year and over in the United States% Native,Population 1 year and over in the United States% Foreign born:,Population 1 year and over in the United States% Naturalized U.S. citizen,Population 1 year and over in the United States% Not a U.S. citizen,Population 1 year and over in the United States% Same house:,Population 1 year and over in the United States% Same house:% Native,Population 1 year and over in the United States% Same house:% Foreign born:,Population 1 year and over in the United States% Same house:% Foreign born:% Naturalized U.S. citizen,Population 1 year and over in the United States% Same house:% Foreign born:% Not a U.S. citizen,Population 1 year and over in the United States% Moved within same county:,Population 1 year and over in the United States% Moved within same county:% Native,Population 1 year and over in the United States% Moved within same county:% Foreign born:,Population 1 year and over in the United States% Moved within same county:% Foreign born:% Naturalized U.S. citizen,Population 1 year and over in the United States% Moved within same county:% Foreign born:% Not a U.S. citizen,Population 1 year and over in the United States% Moved to different county within same state:,Population 1 year and over in the United States% Moved to different county within same state:% Native,Population 1 year and over in the United States% Moved to different county within same state:% Foreign born:,Population 1 year and over in the United States% Moved to different county within same state:% Foreign born:% Naturalized U.S. citizen,Population 1 year and over in the United States% Moved to different county within same state:% Foreign born:% Not a U.S. citizen,Population 1 year and over in the United States% Moved to different state:,Population 1 year and over in the United States% Moved to different state:% Native,Population 1 year and over in the United States% Moved to different state:% Foreign born:,Population 1 year and over in the United States% Moved to different state:% Foreign born:% Naturalized U.S. citizen,Population 1 year and over in the United States% Moved to different state:% Foreign born:% Not a U.S. citizen,Population 1 year and over in the United States,Population 1 year and over in the United States% 1 to 4 years,Population 1 year and over in the United States% 5 to 17 years,Population 1 year and over in the United States% 18 to 24 years,Population 1 year and over in the United States% 25 to 34 years,Population 1 year and over in the United States% 35 to 44 years,Population 1 year and over in the United States% 45 to 54 years,Population 1 year and over in the United States% 55 to 64 years,Population 1 year and over in the United States% 65 to 74 years,Population 1 year and over in the United States% 75 years and over,Population 1 year and over in the United States% Same house:,Population 1 year and over in the United States% Same house:% 1 to 4 years,Population 1 year and over in the United States% Same house:% 5 to 17 years,Population 1 year and over in the United States% Same house:% 18 to 24 years,Population 1 year and over in the United States% Same house:% 25 to 34 years,Population 1 year and over in the United States% Same house:% 35 to 44 years,Population 1 year and over in the United States% Same house:% 45 to 54 years,Population 1 year and over in the United States% Same house:% 55 to 64 years,Population 1 year and over in the United States% Same house:% 65 to 74 years,Population 1 year and over in the United States% Same house:% 75 years and over,Population 1 year and over in the United States% Moved within same county:,Population 1 year and over in the United States% Moved within same county:% 1 to 4 years,Population 1 year and over in the United States% Moved within same county:% 5 to 17 years,Population 1 year and over in the United States% Moved within same county:% 18 to 24 years,Population 1 year and over in the United States% Moved within same county:% 25 to 34 years,Population 1 year and over in the United States% Moved within same county:% 35 to 44 years,Population 1 year and over in the United States% Moved within same county:% 45 to 54 years,Population 1 year and over in the United States% Moved within same county:% 55 to 64 years,Population 1 year and over in the United States% Moved within same county:% 65 to 74 years,Population 1 year and over in the United States% Moved within same county:% 75 years and over,Population 1 year and over in the United States% Moved to different county within same state:,Population 1 year and over in the United States% Moved to different county within same state:% 1 to 4 years,Population 1 year and over in the United States% Moved to different county within same state:% 5 to 17 years,Population 1 year and over in the United States% Moved to different county within same state:% 18 to 24 years,Population 1 year and over in the United States% Moved to different county within same state:% 25 to 34 years,Population 1 year and over in the United States% Moved to different county within same state:% 35 to 44 years,Population 1 year and over in the United States% Moved to different county within same state:% 45 to 54 years,Population 1 year and over in the United States% Moved to different county within same state:% 55 to 64 years,Population 1 year and over in the United States% Moved to different county within same state:% 65 to 74 years,Population 1 year and over in the United States% Moved to different county within same state:% 75 years and over,Population 1 year and over in the United States% Moved to different state:,Population 1 year and over in the United States% Moved to different state:% 1 to 4 years,Population 1 year and over in the United States% Moved to different state:% 5 to 17 years,Population 1 year and over in the United States% Moved to different state:% 18 to 24 years,Population 1 year and over in the United States% Moved to different state:% 25 to 34 years,Population 1 year and over in the United States% Moved to different state:% 35 to 44 years,Population 1 year and over in the United States% Moved to different state:% 45 to 54 years,Population 1 year and over in the United States% Moved to different state:% 55 to 64 years,Population 1 year and over in the United States% Moved to different state:% 65 to 74 years,Population 1 year and over in the United States% Moved to different state:% 75 years and over
ACSSF,2.01E+06,ca,0,1,1,0000001,04000US06,California,35914126,2190758,6699737,1063624,2575775,2730510,2535820,2629451,2635271,2684406,2447440,2050939,1636145,1177277,918507,1938466,30358587,1754149,5786096,794862,1816454,1956103,1993328,2192721,2288447,2390923,2211372,1881377,1516697,1101839,866849,1807370,3857050,324988,696206,139093,510776,531311,377631,304704,244694,207063,161611,113099,75637,46962,35185,88090,1093024,69282,133932,92317,166009,159784,104140,85125,66592,56287,46004,33570,25543,16740,9975,27724,605465,42339,83503,37352,82536,83312,60721,46901,35538,30133,28453,22893,18268,11736,6498,15282,35.3,37.5,27.3,27.5,28.4,35914126,17955859,17958267,30358587,15107319,15251268,3857050,1948913,1908137,1093024,583599,509425,605465,316028,289437,22291989,18960992,2238172,662135,430690,2223399,1767664,315126,92715,47894,287309,231662,38170,11223,6254,4395916,3795068,417581,133900,49367,128608,106509,14613,5573,1913,5312489,4450591,676474,139125,46299,1274416,1046101,156914,48353,23048,15211219,12949517,1422242,488661,350799,13061398,11013334,1577413,335412,135239,35914126,26239317,9674809,4379730,5295079,30358587,22010427,8348160,3956758,4391402,3857050,2843513,1013537,307474,706063,1093024,879115,213909,81528,132381,605465,506262,99203,33970,65233,35914126,2190758,6699737,3639399,5266330,5264722,5131846,3687084,2095784,1938466,30358587,1754149,5786096,2611316,3949431,4481168,4602295,3398074,1968688,1807370,3857050,324988,696206,649869,908942,549398,368674,188736,82147,88090,1093024,69282,133932,258326,263924,151717,102291,59113,26715,27724,605465,42339,83503,119888,144033,82439,58586,41161,18234,15282
ACSSF,2.01E+06,ca,0,1,13,0000013,05000US06001,"Alameda County, California",1437687,83440,238430,35525,88514,114696,114071,113925,115002,114248,103815,90481,67487,45486,34503,78064,1220820,67202,208982,24651,62456,82918,89989,93914,100969,101504,94746,83037,62980,42875,32587,72010,136548,11744,19955,4442,15363,19960,15161,12247,8973,8745,6082,4607,2383,1701,1165,4020,57821,3548,6698,5202,7417,8897,6324,5562,3486,3070,2122,1977,1286,499,551,1182,22498,946,2795,1230,3278,2921,2597,2202,1574,929,865,860,838,411,200,852,37,39,29.3,28.3,30.1,1437687,712706,724981,1220820,605363,615457,136548,66321,70227,57821,29243,28578,22498,11779,10719,684273,586933,55972,28157,13211,184688,150737,22547,8669,2735,7394,5761,980,335,318,353022,305193,31311,12133,4385,10456,9040,815,469,132,134676,110566,18055,5166,889,63178,52590,6868,2892,828,534104,458284,40241,23426,12153,306950,258184,36187,10592,1987,1437687,1007498,430189,225748,204441,1220820,849444,371376,202467,168909,136548,94460,42088,15676,26412,57821,45475,12346,5888,6458,22498,18119,4379,1717,2662,1437687,83440,238430,124039,228767,228927,218063,157968,79989,78064,1220820,67202,208982,87107,172907,194883,196250,146017,75462,72010,136548,11744,19955,19805,35121,21220,14827,6990,2866,4020,57821,3548,6698,12619,15221,9048,5192,3263,1050,1182,22498,946,2795,4508,5518,3776,1794,1698,611,852
ACSSF,2.01E+06,ca,0,1,14,0000014,05000US06005,"Amador County, California",38663,1109,5460,1076,1893,1644,1723,2451,2539,3152,3635,3432,3088,2451,1617,3393,32120,736,4675,666,1060,877,1212,1926,2079,2733,3069,3201,2905,2306,1562,3113,2737,141,325,57,392,341,202,207,207,202,445,89,21,29,34,45,3153,215,409,335,392,347,284,302,107,185,95,142,93,38,21,188,653,17,51,18,49,79,25,16,146,32,26,0,69,78,0,47,46.9,50.2,31.9,28,43,38663,20562,18101,32120,17179,14941,2737,1317,1420,3153,1814,1339,653,252,401,33102,28034,2038,2453,577,.,.,.,.,.,.,.,.,.,.,.,.,.,.,.,.,.,.,.,.,1623,1353,83,187,0,.,.,.,.,.,30958,26309,1865,2207,577,4173,3355,256,562,0,38663,36500,2163,1072,1091,32120,30396,1724,785,939,2737,2607,130,113,17,3153,2876,277,174,103,653,621,32,0,32,38663,1109,5460,2969,3367,4990,6787,6520,4068,3393,32120,736,4675,1726,2089,4005,5802,6106,3868,3113,2737,141,325,449,543,414,647,110,63,45,3153,215,409,727,631,409,280,235,59,188,653,17,51,67,104,162,58,69,78,47
ACSSF,2.01E+06,ca,0,1,15,0000015,05000US06007,"Butte County, California",212883,9670,33507,7930,28589,12007,8875,11306,12181,14232,15322,14571,12078,9125,7262,16228,168827,7578,27861,4950,14729,6514,5965,9632,10335,12333,13658,13276,11091,8683,6950,15272,31224,1219,4160,2134,11302,3280,1296,1126,1428,1342,1001,1015,766,380,176,599,9903,651,1044,567,2068,1698,1277,449,354,462,531,196,154,31,135,286,2929,222,442,279,490,515,337,99,64,95,132,84,67,31,1,71,37.9,43.6,23.1,26.7,25.2,212883,104088,108795,168827,81459,87368,31224,15725,15499,9903,5419,4484,2929,1485,1444,177632,141424,25696,7889,2623,3748,2439,610,585,114,2148,1579,480,89,0,9060,7166,1534,360,0,.,.,.,.,.,9321,7837,972,489,23,10443,8205,1654,491,93,163565,130815,23081,7212,2457,26480,20739,4148,1339,254,212883,195234,17649,8450,9199,168827,154844,13983,7178,6805,31224,28645,2579,724,1855,9903,8915,988,449,539,2929,2830,99,99,0,212883,9670,33507,36519,20882,23487,29554,26649,16387,16228,168827,7578,27861,19679,12479,19967,25991,24367,15633,15272,31224,1219,4160,13436,4576,2554,2343,1781,556,599,9903,651,1044,2635,2975,803,993,350,166,286,2929,222,442,769,852,163,227,151,32,71
ACSSF,2.01E+06,ca,0,1,16,0000016,05000US06009,"Calaveras County, California",46436,1595,7170,1051,2679,1979,1499,1785,3237,3603,4565,4086,4101,2706,2715,3665,41692,1398,6260,576,2077,1767,1248,1559,2655,3408,4196,3876,3934,2578,2671,3489,2486,45,554,327,385,43,115,120,401,79,228,122,18,0,26,23,1420,107,211,109,110,129,99,70,181,69,97,47,51,65,18,57,838,45,145,39,107,40,37,36,0,47,44,41,98,63,0,96,48.2,49.8,24.5,31.5,36.5,46436,23219,23217,41692,20866,20826,2486,1234,1252,1420,760,660,838,359,479,41873,37533,2393,1188,759,.,.,.,.,.,.,.,.,.,.,.,.,.,.,.,.,.,.,.,.,.,.,.,.,.,.,.,.,.,.,38558,35024,1755,1083,696,4677,3691,638,258,90,46436,44416,2020,813,1207,41692,40275,1417,748,669,2486,1994,492,18,474,1420,1323,97,33,64,838,824,14,14,0,46436,1595,7170,3730,3478,5022,8168,8187,5421,3665,41692,1398,6260,2653,3015,4214,7604,7810,5249,3489,2486,45,554,712,158,521,307,140,26,23,1420,107,211,219,228,251,166,98,83,57,838,45,145,146,77,36,91,139,63,96
ACSSF,2.01E+06,ca,0,1,17,0000017,05000US06011,"Colusa County, California",.,.,.,.,.,.,.,.,.,.,.,.,.,.,.,.,.,.,.,.,.,.,.,.,.,.,.,.,.,.,.,.,.,.,.,.,.,.,.,.,.,.,.,.,.,.,.,.,.,.,.,.,.,.,.,.,.,.,.,.,.,.,.,.,.,.,.,.,.,.,.,.,.,.,.,.,.,.,.,.,35.6,38.8,26.6,23.7,38,20104,10328,9776,17038,8599,8439,1886,984,902,1078,655,423,102,90,12,13615,11569,956,1048,42,.,.,.,.,.,.,.,.,.,.,.,.,.,.,.,.,.,.,.,.,.,.,.,.,.,.,.,.,.,.,8991,7279,700,970,42,9881,8723,1068,78,12,20104,14900,5204,1514,3690,17038,12405,4633,1412,3221,1886,1386,500,72,428,1078,1078,0,0,0,102,31,71,30,41,20104,1166,4320,2023,2411,2889,2508,2353,1266,1168,17038,956,3839,1218,1883,2418,2265,2221,1165,1073,1886,145,347,404,301,294,198,132,0,65,1078,65,134,389,227,129,33,0,101,0,102,0,0,12,0,48,12,0,0,30
ACSSF,2.01E+06,ca,0,1,18,0000018,05000US06013,"Contra Costa County, California",1011548,55839,190330,29783,61276,60744,59006,71006,80147,84549,77634,66043,53039,35733,27746,58673,867658,44211,164536,21824,45398,42274,45654,59163,70816,75689,71479,61174,49957,34015,26401,55067,93317,7769,19091,2745,9426,11770,8904,7632,6554,6248,3899,3125,1939,1151,655,2409,37345,3029,4854,4143,4778,5463,3211,3348,2141,1652,1410,1164,603,355,349,845,13228,830,1849,1071,1674,1237,1237,863,636,960,846,580,540,212,341,352,38.4,40.8,28.1,26.5,29.8,1011548,498797,512751,867658,427309,440349,93317,46060,47257,37345,18958,18387,13228,6470,6758,645020,561454,53571,21143,8852,93240,76101,10476,5389,1274,4614,3747,434,241,192,134803,118375,9803,5355,1270,4319,3178,829,280,32,85634,67669,14289,2514,1162,43918,37134,3915,2423,446,512486,453429,34955,16202,7900,230255,185783,33969,8140,2363,1011548,776572,234976,122609,112367,867658,668211,199447,112776,86671,93317,66975,26342,6374,19968,37345,29959,7386,2826,4560,13228,11427,1801,633,1168,1011548,55839,190330,91059,119750,151153,162183,119082,63479,58673,867658,44211,164536,67222,87928,129979,147168,111131,60416,55067,93317,7769,19091,12171,20674,14186,10147,5064,1806,2409,37345,3029,4854,8921,8674,5489,3062,1767,704,845,13228,830,1849,2745,2474,1499,1806,1120,553,352
ACSSF,2.01E+06,ca,0,1,19,0000019,05000US06015,"Del Norte County, California",28492,1431,4944,959,1850,1873,1901,1934,1762,2145,2407,1980,1486,966,1020,1834,23686,1055,4030,819,1465,1257,1422,1321,1609,1836,2045,1835,1388,897,993,1714,2241,254,478,59,105,309,211,284,41,129,148,66,21,51,27,58,1324,37,140,49,226,158,142,186,70,95,146,45,0,13,0,17,1241,85,296,32,54,149,126,143,42,85,68,34,77,5,0,45,37.7,42,27.7,33.3,30,28492,15603,12889,23686,12701,10985,2241,1300,941,1324,923,401,1241,679,562,21465,18104,1582,646,1133,936,677,109,147,3,1459,1197,177,44,41,.,.,.,.,.,.,.,.,.,.,.,.,.,.,.,.,.,.,.,.,19565,16407,1479,546,1133,4419,3541,281,556,41,28492,26569,1923,929,994,23686,22070,1616,731,885,2241,2152,89,0,89,1324,1106,218,198,20,1241,1241,0,0,0,28492,1431,4944,2809,3774,3696,4552,3466,1986,1834,23686,1055,4030,2284,2679,2930,3881,3223,1890,1714,2241,254,478,164,520,325,277,87,78,58,1324,37,140,275,300,256,241,45,13,17,1241,85,296,86,275,185,153,111,5,45
ACSSF,2.01E+06,ca,0,1,20,0000020,05000US06017,"El Dorado County, California",175652,8684,30988,5148,8868,8208,8157,9957,14333,16915,16712,13741,12824,7642,4759,8716,151626,6587,27548,3657,6141,5239,6262,8318,12160,15491,15000,12821,12370,7252,4504,8276,12913,1279,2363,384,1776,1612,764,1154,1255,780,853,378,96,80,16,123,6678,389,518,780,586,967,433,341,584,350,563,413,194,238,164,158,4435,429,559,327,365,390,698,144,334,294,296,129,164,72,75,159,42.8,45,26.2,30.6,31,175652,88471,87181,151626,76106,75520,12913,6317,6596,6678,3429,3249,4435,2619,1816,152812,131776,11803,5450,3783,.,.,.,.,.,.,.,.,.,.,6047,5277,202,461,107,.,.,.,.,.,7709,6657,305,355,392,5760,5211,263,263,23,140757,121898,10540,4702,3617,21063,17533,1733,1235,562,175652,160983,14669,7518,7151,151626,138974,12652,6620,6032,12913,12091,822,340,482,6678,5793,885,428,457,4435,4125,310,130,180,175652,8684,30988,14016,16365,24290,33627,26565,12401,8716,151626,6587,27548,9798,11501,20478,30491,25191,11756,8276,12913,1279,2363,2160,2376,2409,1633,474,96,123,6678,389,518,1366,1400,925,913,607,402,158,4435,429,559,692,1088,478,590,293,147,159
ACSSF,2.01E+06,ca,0,1,21,0000021,05000US06019,"Fresno County, California",884573,65634,192065,28611,70870,74046,60914,58142,57316,57437,52809,44536,35251,25812,19231,41899,741960,52363,165264,21818,49423,54175,48539,48933,50303,50345,46953,40781,32293,24330,18158,38282,110084,10990,22032,3983,15939,15327,9268,6869,5217,5940,4563,2884,2158,1079,856,2979,22190,1280,2544,1939,4288,3221,2019,1702,1324,825,928,636,457,343,127,557,10339,1001,2225,871,1220,1323,1088,638,472,327,365,235,343,60,90,81,30.9,32.8,25.5,26.4,24.3,884573,444501,440072,741960,371594,370366,110084,55272,54812,22190,12532,9658,10339,5103,5236,557156,472658,63174,14089,7235,44623,33982,8297,1793,551,8655,6701,1686,180,88,77603,66192,9323,1469,619,.,.,.,.,.,164511,136392,23051,3652,1416,31031,25118,4487,1007,419,314693,267723,31955,9661,5354,426731,357253,57225,8564,3689,884573,693568,191005,60482,130523,741960,579761,162199,54176,108023,110084,86907,23177,5241,17936,22190,18497,3693,726,2967,10339,8403,1936,339,1597,884573,65634,192065,99481,134960,115458,110246,79787,45043,41899,741960,52363,165264,71241,102714,99236,97298,73074,42488,38282,110084,10990,22032,19922,24595,12086,10503,5042,1935,2979,22190,1280,2544,6227,5240,3026,1753,1093,470,557,10339,1001,2225,2091,2411,1110,692,578,150,81
ACSSF,2.01E+06,ca,0,1,22,0000022,05000US06021,"Glenn County, California",.,.,.,.,.,.,.,.,.,.,.,.,.,.,.,.,.,.,.,.,.,.,.,.,.,.,.,.,.,.,.,.,.,.,.,.,.,.,.,.,.,.,.,.,.,.,.,.,.,.,.,.,.,.,.,.,.,.,.,.,.,.,.,.,.,.,.,.,.,.,.,.,.,.,.,.,.,.,.,.,34.7,36.9,25.9,22,20.6,27717,14225,13492,24772,12712,12060,1243,649,594,1477,707,770,225,157,68,20823,18651,972,1007,193,.,.,.,.,.,.,.,.,.,.,.,.,.,.,.,.,.,.,.,.,4131,3580,250,301,0,.,.,.,.,.,15831,14211,605,852,163,9716,8615,590,468,43,27717,23303,4414,1338,3076,24772,21001,3771,1269,2502,1243,936,307,10,297,1477,1153,324,59,265,225,213,12,0,12,27717,1787,5877,2977,3363,3438,3895,3035,1818,1527,24772,1496,5306,2286,2702,3169,3733,2853,1734,1493,1243,149,311,80,354,160,47,45,63,34,1477,138,242,474,296,99,88,119,21,0,225,4,18,137,11,10,27,18,0,0
ACSSF,2.01E+06,ca,0,1,23,0000023,05000US06023,"Humboldt County, California",125157,6007,17968,3491,14696,9189,7055,7189,7275,8789,9676,9507,7418,4987,4084,7826,104190,5008,15570,2425,9987,6292,5219,5773,6190,7963,8621,8818,6684,4532,3920,7188,14072,839,1917,739,3636,1438,851,968,769,695,663,523,430,124,96,384,3695,71,289,121,770,733,375,232,134,47,100,73,156,278,62,254,3200,89,192,206,303,726,610,216,182,84,292,93,148,53,6,0,38.1,41.5,24.9,29.5,30.4,125157,62001,63156,104190,51549,52641,14072,6713,7359,3695,2000,1695,3200,1739,1461,105009,87759,11250,3072,2928,1259,877,213,55,114,7163,5739,1307,85,32,2892,2398,328,110,56,.,.,.,.,.,3167,2577,438,145,7,5227,4493,443,228,63,99143,83323,10308,2728,2784,10277,8029,1548,549,151,125157,118829,6328,3627,2701,104190,98535,5655,3346,2309,14072,13591,481,230,251,3695,3591,104,51,53,3200,3112,88,0,88,125157,6007,17968,18187,16244,14464,18465,16925,9071,7826,104190,5008,15570,12412,11511,11963,16584,15502,8452,7188,14072,839,1917,4375,2289,1737,1358,953,220,384,3695,71,289,891,1108,366,147,229,340,254,3200,89,192,509,1336,398,376,241,59,0
ACSSF,2.01E+06,ca,0,1,24,0000024,05000US06025,"Imperial County, California",159688,12281,34350,6251,12608,11354,10131,10074,10995,11135,9722,7883,5486,4648,4064,8706,134746,9638,29393,4564,9171,8464,8144,8775,9617,9714,8415,7167,5215,4352,3866,8251,16379,2157,4001,728,2065,1754,1172,885,780,782,1001,464,215,106,84,185,5380,239,292,597,1079,691,592,279,415,398,170,193,32,184,102,117,3183,247,664,362,293,445,223,135,183,241,136,59,24,6,12,153,31.6,34,23.2,27.8,25.3,159688,81901,77787,134746,69223,65523,16379,7359,9020,5380,3676,1704,3183,1643,1540,116338,99510,12231,2728,1869,5497,3802,726,489,480,.,.,.,.,.,3189,2771,241,177,0,.,.,.,.,.,28231,23337,2401,1707,786,3841,3230,417,153,41,26561,22589,1852,1003,1117,122113,103558,13390,3575,1590,159688,111294,48394,19274,29120,134746,93037,41709,17652,24057,16379,11334,5045,1176,3869,5380,4465,915,376,539,3183,2458,725,70,655,159688,12281,34350,18859,21485,21069,20857,13369,8712,8706,134746,9638,29393,13735,16608,18392,18129,12382,8218,8251,16379,2157,4001,2793,2926,1665,1783,679,190,185,5380,239,292,1676,1283,694,568,225,286,117,3183,247,664,655,668,318,377,83,18,153
ACSSF,2.01E+06,ca,0,1,25,0000025,05000US06029,"Kern County, California",765026,57687,174744,25895,56760,57171,51525,49650,52808,53681,46937,38067,29453,23226,16600,30822,621139,42456,145853,18514,38672,38045,39132,38425,44854,46502,41584,34537,26669,21495,15586,28815,107460,12847,23758,4154,12911,14078,9402,8409,5510,5186,3827,2380,1616,1343,830,1209,24843,1429,2708,2303,3970,3531,2253,1931,1786,1454,1040,924,657,264,104,489,11584,955,2425,924,1207,1517,738,885,658,539,486,226,511,124,80,309,30.9,33.5,25,27.7,26.6,765026,392144,372882,621139,314322,306817,107460,55084,52376,24843,16288,8555,11584,6450,5134,511404,421080,68017,13982,8325,41876,29176,8924,3145,631,7890,6535,840,447,68,28620,25325,1372,1426,497,.,.,.,.,.,147459,118317,23034,4593,1515,26763,19919,5073,1237,534,316996,260498,40679,9126,6693,358038,290673,53296,10618,3451,765026,615067,149959,47594,102365,621139,493358,127781,42808,84973,107460,91458,16002,3039,12963,24843,20351,4492,1378,3114,11584,9900,1684,369,1315,765026,57687,174744,82655,108696,102458,100618,67520,39826,30822,621139,42456,145853,57186,77177,83279,88086,61206,37081,28815,107460,12847,23758,17065,23480,13919,9013,3996,2173,1209,24843,1429,2708,6273,5784,3717,2494,1581,368,489,11584,955,2425,2131,2255,1543,1025,737,204,309
ACSSF,2.01E+06,ca,0,1,26,0000026,05000US06031,"Kings County, California",140796,10575,27618,4456,13115,12398,11516,12333,9839,9352,7763,6107,4828,3321,2864,4711,115402,8109,23322,3496,9220,8698,8655,10305,8527,8245,6567,5564,4357,3062,2763,4512,15603,1624,3410,546,2513,2130,1691,1163,516,541,620,289,181,176,79,124,6865,501,330,350,744,1189,869,626,666,484,473,236,258,64,0,75,2926,341,556,64,638,381,301,239,130,82,103,18,32,19,22,0,30.8,32.6,24.4,31.7,24.5,140796,79799,60997,115402,64654,50748,15603,8517,7086,6865,4972,1893,2926,1656,1270,98650,80016,12305,3912,2417,10399,8266,1225,857,51,1875,1413,257,205,0,4381,3969,181,164,67,.,.,.,.,.,20749,18012,1411,1154,172,4616,3600,224,573,219,53188,43524,5009,2794,1861,69106,56964,8863,2495,784,140796,112740,28056,8640,19416,115402,92235,23167,7153,16014,15603,11825,3778,1291,2487,6865,6004,861,124,737,2926,2676,250,72,178,140796,10575,27618,17571,23914,22172,17115,10935,6185,4711,115402,8109,23322,12716,17353,18832,14812,9921,5825,4512,15603,1624,3410,3059,3821,1679,1161,470,255,124,6865,501,330,1094,2058,1292,957,494,64,75,2926,341,556,702,682,369,185,50,41,0
ACSSF,2.01E+06,ca,0,1,27,0000027,05000US06033,"Lake County, California",63904,3218,10637,1558,3164,3705,2997,4406,3366,4756,5485,4700,4916,3480,2848,4668,55264,2690,9066,1060,2101,2811,2503,3496,3061,4333,5132,4349,4438,3248,2580,4396,5487,304,1386,99,584,685,248,566,215,287,229,183,416,41,107,137,2653,209,170,332,411,152,246,344,90,136,108,97,15,93,115,135,500,15,15,67,68,57,0,0,0,0,16,71,47,98,46,0,43.2,46.2,26.9,30.7,55.9,63904,31680,32224,55264,27413,27851,5487,2722,2765,2653,1296,1357,500,249,251,56000,48413,4951,2221,415,.,.,.,.,.,1267,1173,23,52,19,.,.,.,.,.,.,.,.,.,.,1593,1230,104,259,0,2586,2153,283,109,41,48452,41636,4294,2107,415,9923,8633,887,403,0,63904,59085,4819,1661,3158,55264,51034,4230,1501,2729,5487,5055,432,115,317,2653,2528,125,29,96,500,468,32,16,16,63904,3218,10637,4722,6702,7772,10241,9616,6328,4668,55264,2690,9066,3161,5314,6557,9465,8787,5828,4396,5487,304,1386,683,933,781,516,599,148,137,2653,209,170,743,398,434,244,112,208,135,500,15,15,135,57,0,16,118,144,0
ACSSF,2.01E+06,ca,0,1,28,0000028,05000US06035,"Lassen County, California",34510,1639,5057,825,2525,3032,2658,3308,3128,3086,2332,2331,1640,1013,641,1295,25793,989,3864,506,1331,2027,1752,2331,2398,2476,1783,2016,1516,995,602,1207,3059,481,348,239,663,308,185,260,146,166,193,29,11,0,0,30,4149,54,564,65,468,428,519,621,514,234,344,110,113,18,39,58,1509,115,281,15,63,269,202,96,70,210,12,176,0,0,0,0,37.5,40.1,24.1,34.6,30.5,34510,21720,12790,25793,15591,10202,3059,1847,1212,4149,3352,797,1509,930,579,25749,20045,1997,2351,1356,3518,1694,724,1019,81,1212,1069,91,40,12,.,.,.,.,.,.,.,.,.,.,2672,1964,123,542,43,819,623,38,158,0,24165,19106,1886,1858,1315,4696,3222,331,1059,84,34510,32432,2078,640,1438,25793,24127,1666,547,1119,3059,2977,82,28,54,4149,3881,268,30,238,1509,1447,62,35,27,34510,1639,5057,3350,5690,6436,5418,3971,1654,1295,25793,989,3864,1837,3779,4729,4259,3532,1597,1207,3059,481,348,902,493,406,359,40,0,30,4149,54,564,533,947,1135,578,223,57,58,1509,115,281,78,471,166,222,176,0,0
ACSSF,2.01E+06,ca,0,1,29,0000029,05000US06037,"Los Angeles County, California",9706124,590555,1807440,286895,685733,801602,753973,752670,726008,708369,635244,525215,406505,293823,237300,494792,8399531,494864,1596394,228454,528437,610494,612815,638773,642259,640656,580259,484739,379816,275074,223875,462622,962315,73672,163508,33162,111728,142552,106122,83894,63691,50037,39995,28814,18799,12357,10106,23878,197880,12727,27941,15979,27276,28753,19032,16281,10972,10471,8032,5675,4408,3491,1945,4897,146398,9292,19597,9300,18292,19803,16004,13722,9086,7205,6958,5987,3482,2901,1374,3395,34.5,36,28.4,27.5,29.1,9706124,4818832,4887292,8399531,4150844,4248687,962315,485435,476880,197880,105392,92488,146398,77161,69237,5031014,4389325,444660,104339,92690,854253,704107,112803,20924,16419,54142,44644,5783,2339,1376,1257183,1096649,120011,27325,13198,25644,22296,2764,258,326,2193850,1898694,242719,35271,17166,290038,243816,33575,7424,5223,2789898,2412549,248580,62783,65986,4614887,4030963,457144,80760,46020,9706124,6241787,3464337,1543047,1921290,8399531,5337997,3061534,1412611,1648923,962315,640101,322214,101808,220406,197880,150283,47597,17857,29740,146398,113406,32992,10771,22221,9706124,590555,1807440,972628,1555575,1478678,1343613,931720,531123,494792,8399531,494864,1596394,756891,1223309,1281032,1220915,864555,498949,462622,962315,73672,163508,144890,248674,147585,90032,47613,22463,23878,197880,12727,27941,43255,47785,27253,18503,10083,5436,4897,146398,9292,19597,27592,35807,22808,14163,9469,4275,3395
ACSSF,2.01E+06,ca,0,1,30,0000030,05000US06039,"Madera County, California",143605,10279,30957,4456,9379,10532,9022,9652,9657,9797,9294,8226,7188,5174,3449,6543,120321,8330,25419,3574,6986,7537,7029,7937,8099,8444,8110,7777,6763,4884,3281,6151,13312,1174,4034,459,1623,1300,1130,536,856,487,640,274,272,136,153,238,8886,655,1309,325,702,1545,781,1143,662,746,466,158,153,83,15,143,1086,120,195,98,68,150,82,36,40,120,78,17,0,71,0,11,33.5,35.8,22.6,29.6,25.5,143605,70929,72676,120321,59393,60928,13312,6799,6513,8886,4101,4785,1086,636,450,113350,96901,10225,5652,572,5064,3940,425,684,15,2420,2240,34,146,0,.,.,.,.,.,.,.,.,.,.,14632,10941,1653,1698,340,5354,3879,749,567,159,59062,50334,4068,4183,477,72414,60206,8237,3392,579,143605,114303,29302,7622,21680,120321,95160,25161,7047,18114,13312,10089,3223,375,2848,8886,8193,693,161,532,1086,861,225,39,186,143605,10279,30957,13835,19554,19309,19091,15414,8623,6543,120321,8330,25419,10560,14566,16036,16554,14540,8165,6151,13312,1174,4034,2082,2430,1392,1127,546,289,238,8886,655,1309,1027,2326,1805,1212,311,98,143,1086,120,195,166,232,76,198,17,71,11
ACSSF,2.01E+06,ca,0,1,31,0000031,05000US06041,"Marin County, California",240037,10968,35681,6247,10908,9151,11722,16173,18895,21345,21635,21172,17027,12591,8123,18399,209546,9116,32138,3869,8072,5897,8810,13497,16244,19071,20104,19680,15882,11989,7832,17345,16349,959,2394,413,1341,1827,1430,1647,1391,1304,840,851,803,349,66,734,10122,532,828,1467,1044,1089,951,661,959,735,556,419,256,215,185,225,4020,361,321,498,451,338,531,368,301,235,135,222,86,38,40,95,45.1,46.9,34.5,30.4,30.4,240037,119536,120501,209546,103668,105878,16349,8318,8031,10122,5459,4663,4020,2091,1929,194384,170896,13036,7546,2906,6857,5667,413,713,64,.,.,.,.,.,14171,12605,406,659,501,.,.,.,.,.,16654,13733,2286,513,122,6864,5738,144,555,427,180521,158999,11714,7152,2656,32077,26831,3715,994,537,240037,196972,43065,20086,22979,209546,171840,37706,18163,19543,16349,12749,3600,1221,2379,10122,9140,982,407,575,4020,3243,777,295,482,240037,10968,35681,17155,20873,35068,42980,38199,20714,18399,209546,9116,32138,11941,14707,29741,39175,35562,19821,17345,16349,959,2394,1754,3257,3038,2144,1654,415,734,10122,532,828,2511,2040,1620,1291,675,400,225,4020,361,321,949,869,669,370,308,78,95
ACSSF,2.01E+06,ca,0,1,32,0000032,05000US06045,"Mendocino County, California",87010,5024,14523,2593,5272,5109,4698,5078,5270,6098,6850,6678,6632,4023,2971,6191,77101,3986,12640,2202,4461,3915,3617,4405,4711,5640,6517,6301,6174,3876,2822,5834,4861,564,978,131,398,503,526,332,159,302,179,140,245,58,99,247,4076,410,816,205,214,514,421,341,373,57,148,209,181,57,50,80,972,64,89,55,199,177,134,0,27,99,6,28,32,32,0,30,41,43.6,28.9,28.8,28.2,87010,42901,44109,77101,38308,38793,4861,2234,2627,4076,1812,2264,972,547,425,73259,64837,4045,3561,816,.,.,.,.,.,4026,3617,320,47,42,.,.,.,.,.,.,.,.,.,.,4023,3566,190,257,10,3258,2812,278,79,89,61660,54158,3470,3216,816,17495,15826,980,637,52,87010,77204,9806,3714,6092,77101,68015,9086,3657,5429,4861,4518,343,25,318,4076,3727,349,19,330,972,944,28,13,15,87010,5024,14523,7865,9807,10348,12948,13310,6994,6191,77101,3986,12640,6663,7532,9116,12157,12475,6698,5834,4861,564,978,529,1029,491,481,385,157,247,4076,410,816,419,935,714,205,390,107,80,972,64,89,254,311,27,105,60,32,30
ACSSF,2.01E+06,ca,0,1,33,0000033,05000US06047,"Merced County, California",239456,17414,55847,9187,19052,16885,15497,15904,15956,15807,13963,11461,9225,7494,5353,10411,197295,12663,47954,6754,12811,11951,11344,13400,13453,13788,12131,10438,8413,7128,5118,9949,30477,3701,6461,1126,4545,3770,2931,1649,1705,1474,1443,598,536,105,138,295,8408,621,1183,995,1417,651,770,717,754,337,237,331,139,154,21,81,3276,429,249,312,279,513,452,138,44,208,152,94,137,107,76,86,30.4,33,24.5,25,28.4,239456,120750,118706,197295,98409,98886,30477,16112,14365,8408,4191,4217,3276,2038,1238,154956,129634,18140,4924,2258,8966,6591,1980,295,100,2554,2185,246,102,21,16783,13867,1702,907,307,.,.,.,.,.,48201,38341,7651,1818,391,7552,6378,646,329,199,84369,71883,7510,3241,1735,124413,100764,18970,3717,962,239456,179775,59681,21179,38502,197295,147777,49518,18661,30857,30477,23687,6790,1550,5240,8408,5950,2458,766,1692,3276,2361,915,202,713,239456,17414,55847,28239,32382,31860,29770,20686,12847,10411,197295,12663,47954,19565,23295,26853,25919,18851,12246,9949,30477,3701,6461,5671,6701,3354,2917,1134,243,295,8408,621,1183,2412,1421,1471,574,470,175,81,3276,429,249,591,965,182,360,231,183,86
ACSSF,2.01E+06,ca,0,1,34,0000034,05000US06053,"Monterey County, California",397355,28923,74028,12228,33709,31691,27992,26772,27612,27378,25583,21972,17830,11563,9694,20380,328603,23111,62782,8458,22993,21360,21025,22773,23374,23957,22753,20222,16328,10826,9290,19351,45141,4519,9045,2100,5917,6593,4673,2821,2786,1964,1728,854,800,315,288,738,13129,660,1071,1324,1990,2073,1241,581,1043,984,772,596,351,238,45,160,10482,633,1130,346,2809,1665,1053,597,409,473,330,300,351,184,71,131,33.1,36,25.7,28.6,25.7,397355,205335,192020,328603,169080,159523,45141,23161,21980,13129,7594,5535,10482,5500,4982,275681,229311,29886,8009,8475,13540,10425,1621,931,563,2892,2535,56,208,93,24740,19972,3053,1000,715,.,.,.,.,.,65628,53772,9066,2411,379,13484,11385,1358,484,257,140317,115619,11998,5623,7077,207875,173431,27604,4980,1860,397355,278472,118883,36178,82705,328603,229848,98755,32051,66704,45141,29109,16032,2988,13044,13129,10608,2521,734,1787,10482,8907,1575,405,1170,397355,28923,74028,45937,59683,54384,52961,39802,21257,20380,328603,23111,62782,31451,42385,46147,46710,36550,20116,19351,45141,4519,9045,8017,11266,5607,3692,1654,603,738,13129,660,1071,3314,3314,1624,1756,947,283,160,10482,633,1130,3155,2718,1006,803,651,255,131
ACSSF,2.01E+06,ca,0,1,35,0000035,05000US06055,"Napa County, California",130845,6751,22410,3891,8396,7659,7209,9471,8454,10436,9618,8571,8214,5529,4311,9925,112851,5514,19712,2731,6226,5834,5730,7748,7400,8909,9006,7978,7624,5148,4122,9169,11306,917,1991,266,1089,1172,1075,1293,812,920,402,217,408,213,100,431,5178,274,655,695,834,634,282,348,157,413,136,225,137,80,16,292,1510,46,52,199,247,19,122,82,85,194,74,151,45,88,73,33,39.9,42,30.7,25.8,39.5,130845,65308,65537,112851,56484,56367,11306,5524,5782,5178,2420,2758,1510,880,630,106804,92791,9302,3335,1376,.,.,.,.,.,.,.,.,.,.,7187,6241,264,586,96,.,.,.,.,.,9104,7444,772,867,21,3355,2738,457,160,0,79406,69627,5699,2849,1231,38394,31735,4990,1503,166,130845,102976,27869,10124,17745,112851,89469,23382,9062,14320,11306,8019,3287,789,2498,5178,4121,1057,251,806,1510,1367,143,22,121,130845,6751,22410,12287,14868,17925,20054,16785,9840,9925,112851,5514,19712,8957,11564,15148,17915,15602,9270,9169,11306,917,1991,1355,2247,2105,1322,625,313,431,5178,274,655,1529,916,505,549,362,96,292,1510,46,52,446,141,167,268,196,161,33
ACSSF,2.01E+06,ca,0,1,36,0000036,05000US06057,"Nevada County, California",95596,3388,14361,2385,4479,4372,3693,5317,6081,7938,9023,9384,7438,5744,4041,7952,82522,2659,12365,1773,2757,2695,2885,4299,5137,6938,8411,8954,7003,5564,3692,7390,7616,607,1469,192,1077,988,489,447,563,617,248,214,265,56,106,278,3603,102,340,221,566,578,164,423,171,236,180,185,65,17,168,187,1855,20,187,199,79,111,155,148,210,147,184,31,105,107,75,97,47.3,49.8,27.2,29.8,41.1,95596,47140,48456,82522,40530,41992,7616,3973,3643,3603,1627,1976,1855,1010,845,87736,76528,6704,3013,1491,.,.,.,.,.,.,.,.,.,.,.,.,.,.,.,.,.,.,.,.,.,.,.,.,.,2447,2217,115,95,20,83612,73118,6154,2872,1468,7425,5551,1111,534,229,95596,90638,4958,2186,2772,82522,78373,4149,2073,2076,7616,7200,416,32,384,3603,3435,168,47,121,1855,1630,225,34,191,95596,3388,14361,6864,8065,11398,16961,16822,9785,7952,82522,2659,12365,4530,5580,9436,15349,15957,9256,7390,7616,607,1469,1269,1477,1010,865,479,162,278,3603,102,340,787,742,594,416,250,185,187,1855,20,187,278,266,358,331,136,182,97
ACSSF,2.01E+06,ca,0,1,37,0000037,05000US06059,"Orange County, California",2941663,173189,535309,78697,197484,229861,204816,222405,230385,228811,203221,166562,134881,98700,75855,161487,2504725,140474,469509,58600,141838,165148,159858,187005,199834,205192,184944,152406,124937,92125,71341,151514,306808,23851,50886,9753,36966,45471,32832,25447,22522,17240,12397,9439,5941,3917,3197,6949,84343,5532,9377,7101,12686,12780,8375,6063,5205,3977,3681,2866,2560,1441,717,1982,45787,3332,5537,3243,5994,6462,3751,3890,2824,2402,2199,1851,1443,1217,600,1042,36.2,38.2,28.3,27.7,28.8,2941663,1471365,1470298,2504725,1243289,1261436,306808,159935,146873,84343,44498,39845,45787,23643,22144,1847115,1586344,173285,52962,34524,50863,40407,5756,3319,1381,13753,11816,1474,356,107,468448,405269,46245,12364,4570,9478,8124,834,295,225,475120,386775,72890,12046,3409,76886,65990,6324,3001,1571,1372653,1191516,114666,38908,27563,981383,809795,133462,27262,10864,2941663,2056774,884889,412324,472565,2504725,1756214,748511,370733,377778,306808,198467,108341,29678,78663,84343,64914,19429,8629,10800,45787,37179,8608,3284,5324,2941663,173189,535309,276181,434677,452790,432032,301443,174555,161487,2504725,140474,469509,200438,325006,386839,390136,277343,163466,151514,306808,23851,50886,46719,78303,47969,29637,15380,7114,6949,84343,5532,9377,19787,21155,11268,7658,5426,2158,1982,45787,3332,5537,9237,10213,6714,4601,3294,1817,1042
ACSSF,2.01E+06,ca,0,1,38,0000038,05000US06061,"Placer County, California",331639,16821,60379,9077,18350,18521,17983,22447,24850,27872,24376,22647,17602,15761,11804,23149,283802,12981,53144,6309,10973,12348,13696,19171,21799,25056,22433,21522,16493,15000,11323,21554,27248,2539,5058,723,4094,3040,2772,1899,2016,1369,1173,660,382,361,159,1003,14512,724,1531,1543,2505,2733,1202,910,469,845,529,187,329,236,283,486,6077,577,646,502,778,400,313,467,566,602,241,278,398,164,39,106,40.4,43.1,26.8,26.4,30.9,331639,164748,166891,283802,140186,143616,27248,13592,13656,14512,7799,6713,6077,3171,2906,281984,242103,22583,12113,5185,5908,4685,539,495,189,2664,2255,219,189,1,17657,15670,1346,515,126,.,.,.,.,.,12002,9827,1150,622,403,10779,8834,1281,536,128,258007,222265,19873,11001,4868,39272,32065,4501,1924,782,331639,298960,32679,16783,15896,283802,255710,28092,15631,12461,27248,24396,2852,624,2228,14512,13283,1229,392,837,6077,5571,506,136,370,331639,16821,60379,27427,36504,47297,52248,40249,27565,23149,283802,12981,53144,17282,26044,40970,47489,38015,26323,21554,27248,2539,5058,4817,5812,3915,2542,1042,520,1003,14512,724,1531,4048,3935,1379,1374,516,519,486,6077,577,646,1280,713,1033,843,676,203,106
ACSSF,2.01E+06,ca,0,1,39,0000039,05000US06063,"Plumas County, California",.,.,.,.,.,.,.,.,.,.,.,.,.,.,.,.,.,.,.,.,.,.,.,.,.,.,.,.,.,.,.,.,.,.,.,.,.,.,.,.,.,.,.,.,.,.,.,.,.,.,.,.,.,.,.,.,.,.,.,.,.,.,.,.,.,.,.,.,.,.,.,.,.,.,.,.,.,.,.,.,49.6,51.2,26.1,23.2,25.2,20309,10849,9460,17488,9207,8281,1811,989,822,573,402,171,437,251,186,18274,15661,1782,430,401,.,.,.,.,.,.,.,.,.,.,.,.,.,.,.,.,.,.,.,.,.,.,.,.,.,.,.,.,.,.,17514,15204,1479,430,401,.,.,.,.,.,.,.,.,.,.,.,.,.,.,.,.,.,.,.,.,.,.,.,.,.,.,.,.,.,.,20309,738,2837,1457,1235,2518,3551,3858,2480,1635,17488,605,2458,553,779,2171,3352,3518,2441,1611,1811,116,268,458,227,242,131,306,39,24,573,0,24,336,161,0,18,34,0,0,437,17,87,110,68,105,50,0,0,0
ACSSF,2.01E+06,ca,0,1,40,0000040,05000US06065,"Riverside County, California",2025467,133158,441645,65540,137965,140975,131445,142436,145206,146823,126099,100257,81969,66166,55688,110095,1693695,103628,373528,50566,98401,98384,103135,118819,123876,129331,111710,91138,75762,60764,52237,102416,234801,22663,51853,8261,26790,30620,20171,16406,15295,11625,9517,6359,4265,3894,2256,4826,67307,5247,10944,4876,9149,8690,6234,4796,4630,4038,3046,1602,998,767,435,1855,29664,1620,5320,1837,3625,3281,1905,2415,1405,1829,1826,1158,944,741,760,998,33.5,35.8,26,26.7,28.2,2025467,1012155,1013312,1693695,842700,850995,234801,118708,116093,67307,35672,31635,29664,15075,14589,1337462,1129054,147212,39185,22011,126258,100933,15289,7211,2825,21434,16643,3626,749,416,105085,88843,10257,5092,893,5587,4774,640,149,24,358102,294698,49090,11753,2561,71539,58750,8687,3168,934,849275,720400,86646,24552,17677,892442,741231,115238,28685,7288,2025467,1576411,449056,182027,267029,1693695,1313447,380248,161973,218275,234801,182606,52195,14361,37834,67307,54217,13090,4598,8492,29664,26141,3523,1095,2428,2025467,133158,441645,203505,272420,287642,272922,182226,121854,110095,1693695,103628,373528,148967,201519,242695,241041,166900,113001,102416,234801,22663,51853,35051,50791,31701,21142,10624,6150,4826,67307,5247,10944,14025,14924,9426,7084,2600,1202,1855,29664,1620,5320,5462,5186,3820,3655,2102,1501,998
ACSSF,2.01E+06,ca,0,1,41,0000041,05000US06067,"Sacramento County, California",1359533,85353,255727,38169,91213,110657,96698,97487,96426,101487,93292,79210,61221,43871,35205,73517,1082219,62630,204612,24867,55581,71061,70541,76866,79060,86476,81903,70391,55577,40723,33161,68770,206058,17719,41579,7504,25676,29111,19464,14160,12879,11942,8633,6369,4049,2110,1479,3384,49637,3485,6692,4174,7428,7195,5093,3982,2987,2061,1746,1647,1157,639,392,959,21619,1519,2844,1624,2528,3290,1600,2479,1500,1008,1010,803,438,399,173,404,35.1,38.4,26.6,26.9,28.8,1359533,665809,693724,1082219,527165,555054,206058,101905,104153,49637,25513,24124,21619,11226,10393,842385,683743,111379,32072,15191,136494,98185,31676,4607,2026,12663,9696,2244,423,300,182724,152867,22444,5530,1883,11574,8688,2185,654,47,110250,82136,23032,4027,1055,63443,46904,13098,2324,1117,706747,580564,86253,26773,13157,272260,204435,54069,10321,3435,1359533,1096804,262729,126514,136215,1082219,868366,213853,110651,103202,206058,167206,38852,12073,26779,49637,42340,7297,2706,4591,21619,18892,2727,1084,1643,1359533,85353,255727,129382,207355,193913,194779,140431,79076,73517,1082219,62630,204612,80448,141602,155926,168379,125968,73884,68770,206058,17719,41579,33180,48575,27039,20575,10418,3589,3384,49637,3485,6692,11602,12288,6969,3807,2804,1031,959,21619,1519,2844,4152,4890,3979,2018,1241,572,404
ACSSF,2.01E+06,ca,0,1,42,0000042,05000US06069,"San Benito County, California",53417,3390,11917,1860,3224,3419,3108,3933,4284,3714,3824,3154,2277,1579,1419,2315,45479,2532,10486,1157,2417,2264,2601,3385,3669,3453,3634,2939,2100,1338,1332,2172,4421,649,824,231,338,905,202,349,248,173,148,148,97,62,21,26,2917,194,440,390,469,195,284,131,258,51,42,67,58,179,59,100,600,15,167,82,0,55,21,68,109,37,0,0,22,0,7,17,34.6,37.4,26.4,24.4,26.7,53417,26379,27038,45479,22450,23029,4421,2144,2277,2917,1460,1457,600,325,275,39140,32593,3531,2440,576,.,.,.,.,.,.,.,.,.,.,.,.,.,.,.,.,.,.,.,.,8973,8353,538,82,0,.,.,.,.,.,23108,19627,1399,1598,484,27126,23034,2955,1045,92,53417,42895,10522,3315,7207,45479,35976,9503,3184,6319,4421,3661,760,36,724,2917,2781,136,23,113,600,477,123,72,51,53417,3390,11917,5084,6527,8217,7538,5431,2998,2315,45479,2532,10486,3574,4865,7054,7087,5039,2670,2172,4421,649,824,569,1107,597,321,245,83,26,2917,194,440,859,479,389,93,125,238,100,600,15,167,82,76,177,37,22,7,17
ACSSF,2.01E+06,ca,0,1,43,0000043,05000US06071,"San Bernardino County, California",1955433,131091,437144,67690,154292,143606,130844,135151,142512,142046,126817,98797,78085,52454,41306,73598,1620822,100620,365216,53095,111120,102637,102521,112105,121358,124536,113784,89612,70547,48506,38632,66533,228384,22529,54708,9108,27151,26575,19325,15060,13982,12179,8864,6143,4681,2311,1580,4188,67724,4857,10270,3973,10138,9235,5747,5637,4519,3802,2424,1624,1604,1010,644,2240,38503,3085,6950,1514,5883,5159,3251,2349,2653,1529,1745,1418,1253,627,450,637,31.6,33.7,25.1,27.3,26.4,1955433,978549,976884,1620822,809840,810982,228384,112847,115537,67724,35714,32010,38503,20148,18355,1179825,988433,125537,40165,25690,173218,132926,27416,7477,5399,21728,17490,2814,671,753,112796,95955,10652,4330,1859,6046,4223,859,953,11,379363,311410,53247,11661,3045,82457,70385,7859,2467,1746,705062,593284,66966,24608,20204,916879,760927,117668,29117,9167,1955433,1541052,414381,175557,238824,1620822,1272007,348815,156726,192089,228384,180748,47636,12158,35478,67724,54581,13143,4868,8275,38503,33716,4787,1805,2982,1955433,131091,437144,221982,274450,277663,268863,176882,93760,73598,1620822,100620,365216,164215,205158,233463,238320,160159,87138,66533,228384,22529,54708,36259,45900,29042,21043,10824,3891,4188,67724,4857,10270,14111,14982,10156,6226,3228,1654,2240,38503,3085,6950,7397,8410,5002,3274,2671,1077,637
ACSSF,2.01E+06,ca,0,1,44,0000044,05000US06073,"San Diego County, California",2940727,179649,507473,85016,231811,242628,211297,209187,209140,221241,203600,167773,133961,95378,73881,168692,2445578,143018,438667,60382,150931,164017,162258,172417,181258,195851,182255,154341,124151,88808,69913,157311,356016,26913,53257,14013,55829,55239,34909,28097,20674,18925,15867,9977,6518,4426,2923,8449,58815,2998,5488,6962,11474,9567,5311,3813,3344,2745,1936,1335,1539,867,384,1052,80318,6720,10061,3659,13577,13805,8819,4860,3864,3720,3542,2120,1753,1277,661,1880,35.3,38,27.3,26,27,2940727,1470941,1469786,2445578,1218314,1227264,356016,178661,177355,58815,31439,27376,80318,42527,37791,2140093,1792129,247171,38726,62067,149359,115896,22921,4447,6095,20595,15335,3855,675,730,295377,251509,31454,7566,4848,13901,11560,1570,428,343,209389,169540,31769,4799,3281,112013,89609,17276,2174,2954,1504369,1253223,166574,31385,53187,899824,753234,120823,12782,12985,2940727,2279338,661389,311262,350127,2445578,1876488,569090,276723,292367,356016,281747,74269,27120,47149,58815,50088,8727,3857,4870,80318,71015,9303,3562,5741,2940727,179649,507473,316827,453925,418327,424841,301734,169259,168692,2445578,143018,438667,211313,326275,353675,378106,278492,158721,157311,356016,26913,53257,69842,90148,48771,34792,16495,7349,8449,58815,2998,5488,18436,14878,7157,4681,2874,1251,1052,80318,6720,10061,17236,22624,8724,7262,3873,1938,1880
ACSSF,2.01E+06,ca,0,1,45,0000045,05000US06075,"San Francisco County, California",805215,34419,77767,11852,45415,85869,89269,76244,66938,58232,54135,50623,40207,30762,23824,59659,677706,28103,69227,8025,30845,58723,69352,62605,57852,52099,49461,46357,37106,28877,22646,56428,64937,2865,3891,1043,6760,14738,10196,7364,4601,3222,2142,2612,1746,1110,726,1921,44554,2305,3554,2174,5947,8503,6378,4566,3421,2170,1986,980,598,594,360,1018,18018,1146,1095,610,1863,3905,3343,1709,1064,741,546,674,757,181,92,292,38.7,40.9,31.4,29.9,30.4,805215,409520,395695,677706,343184,334522,64937,33723,31214,44554,23633,20921,18018,8980,9038,436723,359314,40981,23650,12778,53043,42783,5408,3884,968,4009,3355,288,266,100,250236,223959,12787,10811,2679,3794,2555,518,404,317,30153,24101,2178,3393,481,27257,21639,2777,2146,695,358797,292729,35145,19706,11217,117047,97641,8858,8139,2409,805215,529361,275854,173828,102026,677706,434091,243615,158426,85189,64937,47259,17678,9104,8574,44554,33045,11509,5170,6339,18018,14966,3052,1128,1924,805215,34419,77767,57267,175138,143182,112367,90830,54586,59659,677706,28103,69227,38870,128075,120457,101560,83463,51523,56428,64937,2865,3891,7803,24934,11965,5364,4358,1836,1921,44554,2305,3554,8121,14881,7987,4156,1578,954,1018,18018,1146,1095,2473,7248,2773,1287,1431,273,292
ACSSF,2.01E+06,ca,0,1,46,0000046,05000US06077,"San Joaquin County, California",651270,44685,144143,21879,46096,45094,42025,45230,45745,47350,41992,34289,27687,18728,15586,30741,532413,34267,118127,16364,31554,31189,32340,36231,38634,40935,36900,30281,25733,17463,14089,28306,88385,8593,21108,3145,9947,10357,7497,6854,5287,4492,3430,2727,1399,620,1280,1649,23089,1326,3414,1702,3498,2806,1734,1856,1481,1360,1286,989,366,557,157,557,7383,499,1494,668,1097,742,454,289,343,563,376,292,189,88,60,229,32.8,35.4,25.7,27.6,24.4,651270,326636,324634,532413,264790,267623,88385,44506,43879,23089,13309,9780,7383,4031,3352,385554,322254,45080,13119,5101,49372,35363,10780,2712,517,6170,4747,904,504,15,89386,72803,12877,3007,699,2517,2184,103,169,61,83418,68261,12321,2199,637,34853,26801,6320,1379,353,254563,215015,26063,9558,3927,237939,193477,36185,6384,1893,651270,501401,149869,63662,86207,532413,407324,125089,55851,69238,88385,68703,19682,6059,13623,23089,19393,3696,1374,2322,7383,5981,1402,378,1024,651270,44685,144143,67975,87119,90975,89342,61976,34314,30741,532413,34267,118127,47918,63529,74865,77835,56014,31552,28306,88385,8593,21108,13092,17854,12141,7922,4126,1900,1649,23089,1326,3414,5200,4540,3337,2646,1355,714,557,7383,499,1494,1765,1196,632,939,481,148,229
ACSSF,2.01E+06,ca,0,1,47,0000047,05000US06079,"San Luis Obispo County, California",253616,11216,36136,9116,32008,12546,10401,15338,15350,19703,20611,18146,15227,10825,8280,18713,206293,9035,30820,5497,17681,7615,7622,12130,13553,17489,18607,16879,14184,10220,8018,16943,31105,1264,3834,2232,10171,2761,1556,2004,881,1599,1383,935,604,387,187,1307,12197,651,861,1016,3658,1439,1070,705,698,485,385,250,368,156,75,380,4021,266,621,371,498,731,153,499,218,130,236,82,71,62,0,83,40,44.7,23.8,24.9,26.8,253616,129971,123645,206293,104846,101447,31105,16196,14909,12197,6745,5452,4021,2184,1837,217763,178290,26116,9780,3577,4449,3814,102,431,102,2653,2310,237,49,57,7629,6031,982,507,109,.,.,.,.,.,12683,9477,2188,981,37,8115,6102,1480,449,84,186071,152309,22163,8347,3252,48501,38698,6616,2726,461,253616,228142,25474,10872,14602,206293,184870,21423,9623,11800,31105,28421,2684,896,1788,12197,10998,1199,280,919,4021,3853,168,73,95,253616,11216,36136,41124,22947,30688,40314,33373,19105,18713,206293,9035,30820,23178,15237,25683,36096,31063,18238,16943,31105,1264,3834,12403,4317,2885,2982,1539,574,1307,12197,651,861,4674,2509,1403,870,618,231,380,4021,266,621,869,884,717,366,153,62,83
ACSSF,2.01E+06,ca,0,1,48,0000048,05000US06081,"San Mateo County, California",692659,37605,109467,17993,38891,45989,49073,53193,54675,55629,52853,46121,38115,25709,20332,47014,606660,31531,98707,13334,30151,34509,39420,45477,48695,51277,48398,42235,35737,24122,19304,43763,47095,4010,6990,1135,4373,5507,5174,4766,3775,2828,2406,2114,1090,745,611,1571,29471,1582,3043,2659,3381,4462,3201,2211,1597,1330,1558,1257,864,631,320,1375,9433,482,727,865,986,1511,1278,739,608,194,491,515,424,211,97,305,39.5,40.9,31,29.5,30.6,692659,343896,348763,606660,300458,306202,47095,24132,22963,29471,14665,14806,9433,4641,4792,427220,375448,28620,17048,6104,21751,18319,1615,1485,332,2513,1958,375,130,50,164279,144482,11298,6483,2016,9697,9107,147,383,60,42742,36565,3261,2521,395,24457,20781,1779,1421,476,317850,281050,17840,13502,5458,159860,137340,14718,6619,1183,692659,458792,233867,129139,104728,606660,402795,203865,116227,87638,47095,28996,18099,7805,10294,29471,20094,9377,3989,5388,9433,6907,2526,1118,1408,692659,37605,109467,56884,95062,107868,108482,84236,46041,47014,606660,31531,98707,43485,73929,94172,99675,77972,43426,43763,47095,4010,6990,5508,10681,8541,5234,3204,1356,1571,29471,1582,3043,6040,7663,3808,2888,2121,951,1375,9433,482,727,1851,2789,1347,685,939,308,305
ACSSF,2.01E+06,ca,0,1,49,0000049,05000US06083,"Santa Barbara County, California",394456,23558,67099,15734,49769,21461,19967,24061,25612,27354,26130,21882,19109,13743,11087,27890,310717,17967,55664,9766,25686,12512,14152,19671,20809,23086,23513,20360,17788,13034,10625,26084,57829,4299,8266,3893,17391,5424,3949,3013,3238,2979,1895,902,865,317,279,1119,16265,956,1647,1608,4579,2405,969,764,729,904,334,241,341,172,148,468,9645,336,1522,467,2113,1120,897,613,836,385,388,379,115,220,35,219,34.9,40,22.8,24.2,26.7,394456,199568,194888,310717,155379,155338,57829,30455,27374,16265,8797,7468,9645,4937,4708,300606,240036,42492,10264,7814,7847,5415,1268,569,595,3976,3272,547,157,0,17245,12834,2743,1350,318,.,.,.,.,.,50086,39043,7968,2732,343,13840,9565,2541,1159,575,205281,164038,26178,8065,7000,154264,121592,25925,5475,1272,394456,307489,86967,31272,55695,310717,241155,69562,26736,42826,57829,43595,14234,3365,10869,16265,13634,2631,953,1678,9645,9105,540,218,322,394456,23558,67099,65503,41428,49673,53484,40991,24830,27890,310717,17967,55664,35452,26664,40480,46599,38148,23659,26084,57829,4299,8266,21284,9373,6251,4874,1767,596,1119,16265,956,1647,6187,3374,1493,1238,582,320,468,9645,336,1522,2580,2017,1449,773,494,255,219
ACSSF,2.01E+06,ca,0,1,50,0000050,05000US06085,"Santa Clara County, California",1721475,106838,297394,46021,105797,129276,140216,146152,136365,136133,118863,94968,75044,55465,42111,90832,1472178,87752,262615,33398,76241,95012,111960,123348,119117,123098,106579,86452,70003,52150,39469,84984,169720,13873,25767,5359,20019,23693,19771,16627,11784,9182,8253,5277,2589,1975,1821,3730,54549,3450,6275,5491,6845,7599,5330,4259,3886,2748,2557,1910,1513,728,591,1367,25028,1763,2737,1773,2692,2972,3155,1918,1578,1105,1474,1329,939,612,230,751,36.2,37.8,29.1,28.5,30.7,1721475,877354,844121,1472178,747965,724213,169720,87969,81751,54549,28967,25582,25028,12453,12575,904219,774142,82663,31268,16146,45208,34926,6301,2894,1087,8873,6775,1439,286,373,518327,449565,50890,12821,5051,5415,4794,267,291,63,177288,149289,21442,4990,1567,62145,52687,6718,1999,741,659220,570598,51948,22761,13913,448026,373438,56437,14212,3939,1721475,1096982,624493,321681,302812,1472178,935352,536826,292297,244529,169720,103427,66293,21453,44840,54549,40034,14515,5682,8833,25028,18169,6859,2249,4610,1721475,106838,297394,151818,269492,282517,254996,170012,97576,90832,1472178,87752,262615,109639,206972,242465,229677,156455,91619,84984,169720,13873,25767,25378,43464,28411,17435,7866,3796,3730,54549,3450,6275,12336,12929,8145,5305,3423,1319,1367,25028,1763,2737,4465,6127,3496,2579,2268,842,751
ACSSF,2.01E+06,ca,0,1,51,0000051,05000US06087,"Santa Cruz County, California",246929,14070,38849,9761,26981,12662,13291,15824,16801,19243,20083,17754,14229,7779,6170,13432,201806,11338,33073,7094,13900,8107,9850,13383,14441,16994,18232,16453,13302,7232,5821,12586,29979,1818,4211,1554,9766,2090,1894,1815,1882,1415,1226,859,472,282,187,508,10698,629,1269,861,2520,1577,1078,494,297,484,483,283,247,125,95,256,4446,285,296,252,795,888,469,132,181,350,142,159,208,140,67,82,37.7,41.3,23.2,25.2,28,246929,123238,123691,201806,101389,100417,29979,14286,15693,10698,5366,5332,4446,2197,2249,209003,170867,25760,8445,3931,2663,1834,315,354,160,.,.,.,.,.,8639,6858,1154,587,40,.,.,.,.,.,15772,13461,1244,958,109,9595,7847,1278,327,143,154788,129045,15738,6403,3602,72749,57295,11862,3093,499,246929,202748,44181,14724,29457,201806,165929,35877,12848,23029,29979,23644,6335,1260,5075,10698,9091,1607,445,1162,4446,4084,362,171,191,246929,14070,38849,36742,25953,32625,39326,31983,13949,13432,201806,11338,33073,20994,17957,27824,35226,29755,13053,12586,29979,1818,4211,11320,3984,3697,2641,1331,469,508,10698,629,1269,3381,2655,791,967,530,220,256,4446,285,296,1047,1357,313,492,367,207,82
ACSSF,2.01E+06,ca,0,1,52,0000052,05000US06089,"Shasta County, California",179229,8881,30953,5404,12329,10776,8404,9137,12258,13528,14045,12923,11956,8142,7102,13391,151148,5979,26288,4193,7693,8032,6616,7571,10508,12321,12603,12069,10646,7879,6701,12049,18608,2277,3356,523,2703,2023,1204,1163,1366,873,1045,461,726,199,202,487,5380,292,904,342,1137,344,394,260,332,193,232,216,230,20,148,336,4093,333,405,346,796,377,190,143,52,141,165,177,354,44,51,519,41.6,44.6,26.1,26,28.5,179229,87476,91753,151148,73026,78122,18608,9515,9093,5380,2856,2524,4093,2079,2014,158504,134113,15944,4450,3997,1912,1341,361,210,0,3976,3271,531,92,82,4804,3851,836,117,0,.,.,.,.,.,3067,2653,177,237,0,6707,5660,759,274,14,149256,126126,15168,4210,3752,14157,12078,1205,629,245,179229,169388,9841,4514,5327,151148,142448,8700,3983,4717,18608,17771,837,446,391,5380,5085,295,76,219,4093,4084,9,9,0,179229,8881,30953,17733,19180,21395,27573,24879,15244,13391,151148,5979,26288,11886,14648,18079,24924,22715,14580,12049,18608,2277,3356,3226,3227,2529,1918,1187,401,487,5380,292,904,1479,738,592,425,446,168,336,4093,333,405,1142,567,195,306,531,95,519
ACSSF,2.01E+06,ca,0,1,53,0000053,05000US06093,"Siskiyou County, California",43942,1942,6815,1008,2282,2094,1723,2231,2325,3310,4071,3932,3654,2770,1819,3966,36823,1417,5550,636,1310,1434,1237,1739,1876,3015,3810,3527,3612,2498,1684,3478,4223,320,886,242,721,361,147,375,234,114,115,78,16,223,43,348,1633,169,89,61,225,269,177,72,146,108,37,204,0,0,23,53,1263,36,290,69,26,30,162,45,69,73,109,123,26,49,69,87,47.5,50.3,24.7,31.1,36.7,43942,21450,22492,36823,17931,18892,4223,2170,2053,1633,833,800,1263,516,747,38580,32544,3647,1247,1142,.,.,.,.,.,1212,895,185,39,93,.,.,.,.,.,.,.,.,.,.,.,.,.,.,.,2499,2096,254,149,0,35667,30384,3010,1204,1069,4322,3389,745,115,73,43942,41378,2564,1625,939,36823,34649,2174,1367,807,4223,4119,104,54,50,1633,1497,136,54,82,1263,1113,150,150,0,43942,1942,6815,3290,3817,4556,7381,7586,4589,3966,36823,1417,5550,1946,2671,3615,6825,7139,4182,3478,4223,320,886,963,508,609,229,94,266,348,1633,169,89,286,446,218,145,204,23,53,1263,36,290,95,192,114,182,149,118,87
ACSSF,2.01E+06,ca,0,1,54,0000054,05000US06095,"Solano County, California",398136,21489,75122,11417,29177,27680,25156,27770,28827,31925,29674,24566,20470,14007,9789,21067,331013,15725,63124,8901,20773,18628,19930,22339,23934,27913,26869,22183,18614,13110,9182,19788,42067,3874,8429,1392,4734,5578,3296,3397,3264,2558,1639,1375,922,380,354,875,17818,1335,2154,826,2678,2621,1536,1527,1240,992,770,710,663,292,173,301,7238,555,1415,298,992,853,394,507,389,462,396,298,271,225,80,103,36.8,39.2,27,28.1,27.8,398136,200919,197217,331013,165638,165375,42067,21374,20693,17818,10092,7726,7238,3815,3423,214840,181766,19553,9088,4433,53762,43301,6728,2490,1243,2184,1649,347,105,83,55236,46928,4886,3024,398,3192,2562,478,137,15,42022,33515,6241,1585,681,26900,21292,3834,1389,385,175895,149268,15614,7074,3939,89043,71953,11564,4185,1341,398136,319411,78725,41354,37371,331013,264388,66625,36548,30077,42067,34215,7852,2945,4907,17818,14368,3450,1462,1988,7238,6440,798,399,399,398136,21489,75122,40594,52836,56597,61599,45036,23796,21067,331013,15725,63124,29674,38558,46273,54782,40797,22292,19788,42067,3874,8429,6126,8874,6661,4197,2297,734,875,17818,1335,2154,3504,4157,2767,1762,1373,465,301,7238,555,1415,1290,1247,896,858,569,305,103
ACSSF,2.01E+06,ca,0,1,55,0000055,05000US06097,"Sonoma County, California",457954,23422,74627,12967,31331,30831,25930,29486,31326,36879,37203,34088,28418,17765,12819,30862,389182,17924,64833,9767,20805,22454,20200,24589,26832,32326,33667,31762,26448,17058,11950,28567,51581,4647,8344,1728,7269,6348,4250,3678,3423,3485,2605,1600,1310,483,675,1736,11731,517,883,1091,2316,1574,882,822,836,654,625,418,479,205,86,343,5460,334,567,381,941,455,598,397,235,414,306,308,181,19,108,216,40.1,42.7,27.9,28.3,30.3,457954,227332,230622,389182,192937,196245,51581,25397,26184,11731,6349,5382,5460,2649,2811,372871,318057,41078,9353,4383,7083,5470,1109,273,231,5073,4034,851,109,79,17241,15468,957,611,205,.,.,.,.,.,39595,33438,4828,990,339,15240,12070,2552,395,223,313700,270903,31124,7934,3739,104618,84608,16312,2653,1045,457954,383590,74364,27843,46521,389182,326288,62894,25591,37303,51581,42327,9254,1498,7756,11731,10035,1696,471,1225,5460,4940,520,283,237,457954,23422,74627,44298,56761,60812,74082,62506,30584,30862,389182,17924,64833,30572,42654,51421,65993,58210,29008,28567,51581,4647,8344,8997,10598,7101,6090,2910,1158,1736,11731,517,883,3407,2456,1658,1279,897,291,343,5460,334,567,1322,1053,632,720,489,127,216
ACSSF,2.01E+06,ca,0,1,56,0000056,05000US06099,"Stanislaus County, California",500110,33120,108086,16215,36395,37205,32437,34926,33993,36088,31884,27012,20421,15314,12496,24518,408918,25116,89793,12616,25138,26036,23822,27887,28228,31458,27854,24407,18597,13725,11412,22829,67028,6372,14728,1992,7760,8022,6480,5086,4368,3345,2839,1983,1245,1033,832,943,16401,1051,2283,1367,2161,2306,1307,1650,896,1089,856,463,303,260,194,215,7763,581,1282,240,1336,841,828,303,501,196,335,159,276,296,58,531,32.8,35.4,26.6,27.7,27.2,500110,248432,251678,408918,202778,206140,67028,33198,33830,16401,8428,7973,7763,4028,3735,380814,311726,51691,11069,6328,14531,10982,2360,958,231,4785,3861,718,201,5,25479,22069,2188,1096,126,2731,2258,311,135,27,52932,43313,6581,2205,833,18838,14709,3179,737,213,247491,204131,30853,8094,4413,197443,159452,29576,5559,2856,500110,400024,100086,37989,62097,408918,325485,83433,33586,49847,67028,54849,12179,3204,8975,16401,13305,3096,867,2229,7763,6385,1378,332,1046,500110,33120,108086,52610,69642,68919,67972,47433,27810,24518,408918,25116,89793,37754,49858,56115,59312,43004,25137,22829,67028,6372,14728,9752,14502,9454,6184,3228,1865,943,16401,1051,2283,3528,3613,2546,1945,766,454,215,7763,581,1282,1576,1669,804,531,435,354,531
ACSSF,2.01E+06,ca,0,1,57,0000057,05000US06101,"Sutter County, California",91163,6234,18720,2719,6408,6154,5584,6480,5794,6486,5901,5189,4003,3417,2903,5171,75230,4676,15660,2138,4074,4017,4430,5231,5055,5560,5319,4575,3591,3209,2856,4839,9234,1081,1781,195,1210,1149,707,466,529,599,318,404,313,182,0,300,5549,405,1144,337,872,772,414,623,174,300,219,152,58,0,47,32,1150,72,135,49,252,216,33,160,36,27,45,58,41,26,0,0,34.8,37.4,26.4,25.2,27.1,91163,45473,45690,75230,37227,38003,9234,4802,4432,5549,2893,2656,1150,551,599,61916,52647,4840,3649,780,1780,1210,121,319,130,1578,1094,219,265,0,10440,7871,2237,263,69,.,.,.,.,.,9860,7835,1482,433,110,5392,4376,335,620,61,49270,42770,3246,2724,530,25231,19741,3358,1711,421,91163,73152,18011,7813,10198,75230,60886,14344,6637,7707,9234,6358,2876,1003,1873,5549,4888,661,147,514,1150,1020,130,26,104,91163,6234,18720,9127,11738,12274,12387,9192,6320,5171,75230,4676,15660,6212,8447,10286,10879,8166,6065,4839,9234,1081,1781,1405,1856,995,917,717,182,300,5549,405,1144,1209,1186,797,519,210,47,32,1150,72,135,301,249,196,72,99,26,0
ACSSF,2.01E+06,ca,0,1,58,0000058,05000US06103,"Tehama County, California",60417,3360,11358,1950,3615,3614,3085,3286,4173,4586,4236,4379,3276,2921,2374,4204,48747,2020,9086,1038,2174,2381,2284,2590,3661,3731,3740,4160,3042,2660,2318,3862,7881,965,1619,594,1027,832,443,530,326,737,261,155,145,180,35,32,2767,137,511,194,357,226,307,150,141,115,191,32,89,47,0,270,1022,238,142,124,57,175,51,16,45,3,44,32,0,34,21,40,39.9,44.3,23.4,27.8,21.1,60417,29656,30761,48747,23848,24899,7881,3989,3892,2767,1258,1509,1022,561,461,50625,41170,6143,2293,1019,.,.,.,.,.,1241,954,254,33,0,.,.,.,.,.,.,.,.,.,.,4873,3560,1163,150,0,2439,1972,295,169,3,45077,36201,5760,2097,1019,11595,9585,1631,379,0,60417,53523,6894,2152,4742,48747,43376,5371,1870,3501,7881,6647,1234,139,1095,2767,2478,289,143,146,1022,1022,0,0,0,60417,3360,11358,5565,6699,7459,8822,7655,5295,4204,48747,2020,9086,3212,4665,6251,7471,7202,4978,3862,7881,965,1619,1621,1275,856,998,300,215,32,2767,137,511,551,533,291,306,121,47,270,1022,238,142,181,226,61,47,32,55,40
ACSSF,2.01E+06,ca,0,1,59,0000059,05000US06107,"Tulare County, California",414743,32885,97759,14449,30861,31779,27462,28121,24781,26316,23675,21122,15716,11790,9010,19017,357058,27160,84726,11184,23853,24561,22682,24720,22127,24072,21444,19044,14579,11019,8542,17345,42537,4386,10509,1691,4889,4921,3529,2775,1963,1964,1803,1400,759,555,352,1041,10192,878,1456,1266,1625,1693,844,399,365,203,195,447,261,118,40,402,4956,461,1068,308,494,604,407,227,326,77,233,231,117,98,76,229,29.9,31.5,24.8,24.5,25.8,414743,209099,205644,357058,179086,177972,42537,22046,20491,10192,5334,4858,4956,2633,2323,325160,280360,34309,6977,3514,6716,5619,496,482,119,5192,4430,374,223,165,14015,11884,1488,270,373,.,.,.,.,.,51260,44118,4983,1723,436,12014,10340,808,517,349,148766,127411,15155,3763,2437,236681,204870,24681,5095,2035,414743,319561,95182,27663,67519,357058,273684,83374,25480,57894,42537,33430,9107,1923,7184,10192,8259,1933,124,1809,4956,4188,768,136,632,414743,32885,97759,45310,59241,52902,49991,36838,20800,19017,357058,27160,84726,35037,47243,46847,45516,33623,19561,17345,42537,4386,10509,6580,8450,4738,3767,2159,907,1041,10192,878,1456,2891,2537,764,398,708,158,402,4956,461,1068,802,1011,553,310,348,174,229
ACSSF,2.01E+06,ca,0,1,60,0000060,05000US06109,"Tuolumne County, California",53275,1958,7257,1314,3119,3026,2308,2607,3161,4201,4596,4324,4504,3558,2438,4904,45122,1521,6432,939,2106,2010,1553,2052,2608,3372,4282,3888,4122,3265,2281,4691,3819,226,613,137,524,518,260,266,142,324,151,289,173,29,81,86,3729,211,111,186,396,481,495,264,411,465,123,92,139,185,43,127,605,0,101,52,93,17,0,25,0,40,40,55,70,79,33,0,48,50,29.5,34.1,47.6,53275,27739,25536,45122,22950,22172,3819,2068,1751,3729,2410,1319,605,311,294,47692,40879,3314,2982,517,757,433,0,294,30,.,.,.,.,.,.,.,.,.,.,.,.,.,.,.,1374,1007,100,267,0,2292,1857,280,97,58,45185,39188,3029,2465,503,4984,3603,495,856,30,53275,51110,2165,1348,817,45122,43370,1752,1160,592,3819,3699,120,15,105,3729,3452,277,173,104,605,589,16,0,16,53275,1958,7257,4433,5334,5768,8797,8828,5996,4904,45122,1521,6432,3045,3563,4660,7654,8010,5546,4691,3819,226,613,661,778,408,475,462,110,86,3729,211,111,582,976,675,588,231,228,127,605,0,101,145,17,25,80,125,112,0
ACSSF,2.01E+06,ca,0,1,61,0000061,05000US06111,"Ventura County, California",781788,48240,150309,24681,54335,49951,45626,52819,57187,63489,58545,46810,39236,27587,19895,43078,680409,39859,133601,19785,41580,35910,36236,44900,51337,57886,53486,43841,36219,26137,19162,40470,65593,5903,12048,1562,7475,9282,6620,5635,3885,3565,3014,1664,1851,896,404,1789,20506,1132,2215,2435,3270,2958,1452,1026,1029,1104,1414,660,603,439,232,537,15280,1346,2445,899,2010,1801,1318,1258,936,934,631,645,563,115,97,282,36.8,38.7,28.3,26.7,27.7,781788,392653,389135,680409,339892,340517,65593,33981,31612,20506,10665,9841,15280,8115,7165,537035,470200,40760,14086,11989,14738,11457,1840,789,652,11084,9441,1170,300,173,51500,44132,4642,2114,612,.,.,.,.,.,136821,119017,14287,2150,1367,29071,25054,2527,1015,475,403908,354332,28721,12026,8829,291995,253818,28788,4636,4753,781788,604113,177675,76260,101415,680409,522711,157698,69916,87782,65593,51047,14546,4310,10236,20506,17044,3462,1325,2137,15280,13311,1969,709,1260,781788,48240,150309,79016,95577,110006,122034,86046,47482,43078,680409,39859,133601,61365,72146,96237,111372,80060,45299,40470,65593,5903,12048,9037,15902,9520,6579,3515,1300,1789,20506,1132,2215,5705,4410,2055,2518,1263,671,537,15280,1346,2445,2909,3119,2194,1565,1208,212,282
ACSSF,2.01E+06,ca,0,1,62,0000062,05000US06113,"Yolo County, California",186127,10532,31819,7086,29026,12551,10046,12094,12346,12463,11932,9789,8032,6070,3378,8963,144347,7980,25841,4236,16055,7494,7330,9233,11010,11353,10672,8732,7292,5817,3100,8202,27153,1730,4603,1822,9091,2323,1621,1759,863,847,616,530,491,203,227,427,11630,637,1021,776,3459,2269,836,839,345,115,381,421,159,45,27,300,2997,185,354,252,421,465,259,263,128,148,263,106,90,5,24,34,30.8,36.9,22.8,24.9,27.9,186127,91943,94184,144347,70984,73363,27153,13871,13282,11630,5605,6025,2997,1483,1514,128133,102276,16532,6905,2420,4669,3483,813,347,26,2255,1767,329,139,20,20447,13375,4452,2305,315,.,.,.,.,.,20307,15709,3178,1331,89,9562,7067,1849,519,127,99292,80317,11104,5619,2252,54139,41281,9513,3077,268,186127,149211,36916,16583,20333,144347,115063,29284,13778,15506,27153,21416,5737,2208,3529,11630,10058,1572,445,1127,2997,2674,323,152,171,186127,10532,31819,36112,22597,24440,24395,17821,9448,8963,144347,7980,25841,20291,14824,20243,22025,16024,8917,8202,27153,1730,4603,10913,3944,2622,1463,1021,430,427,11630,637,1021,4235,3105,1184,496,580,72,300,2997,185,354,673,724,391,411,196,29,34
ACSSF,2.01E+06,ca,0,1,63,0000063,05000US06115,"Yuba County, California",67996,4819,14416,1835,4795,5738,4776,4631,4367,4924,4025,3756,3137,2083,1698,2996,53495,3364,11740,1443,2646,3650,3495,3384,3686,4036,3529,3425,2820,1911,1610,2756,8678,853,1495,210,1766,1320,642,549,451,433,357,100,202,151,40,109,3764,440,578,148,328,574,460,501,20,326,116,112,47,21,20,73,2059,162,603,34,55,194,179,197,210,129,23,119,68,0,28,58,32.3,35.5,25,28.3,29.8,67996,33390,34606,53495,26169,27326,8678,4368,4310,3764,1817,1947,2059,1036,1023,48520,37746,6214,3138,1422,.,.,.,.,.,1406,906,313,162,25,5200,4393,440,288,79,.,.,.,.,.,7279,6059,1095,38,87,4236,3303,499,43,391,41390,31663,5611,2726,1390,15189,12526,1898,533,232,67996,59957,8039,3178,4861,53495,47054,6441,2596,3845,8678,7524,1154,362,792,3764,3518,246,140,106,2059,1861,198,80,118,67996,4819,14416,6630,10514,8998,8949,6893,3781,2996,53495,3364,11740,4089,7145,7070,7565,6245,3521,2756,8678,853,1495,1976,1962,1000,790,302,191,109,3764,440,578,476,1034,521,442,159,41,73,2059,162,603,89,373,407,152,187,28,58